id,first_name,last_name,player_number
1,Jule,Gasparro,18
2,Thibaut,Coverdale,20
3,Zared,Perrins,10
4,Grannie,Janic,33
5,Marys,Beardshaw,67
6,Daphna,Petlyura,5
7,Delia,Massimo,72
8,Siana,Dressell,71
9,Inger,Quinby,68
10,Joy,Lafranconi,71
11,Gerhardt,Moniker,9
12,Rina,Albone,59
13,Michail,Millins,22
14,Reyna,McAlinion,51
15,Benny,Russen,23
16,Rube,McClymont,2
17,Dacey,McGougan,36
18,Madge,Baty,76
19,Farlee,Bundock,92
20,Leola,Jedrzejczak,66
21,Jolee,Gossart,86
22,Faythe,Weddup,54
23,Giraud,Presho,56
24,Charline,Sheering,100
25,Tally,Maciaszek,38
26,Law,Grinstead,89
27,Spense,Tarpey,35
28,Monika,Fold,100
29,Hortensia,Lotze,84
30,Angel,Slimme,26
31,Heath,Dockwray,100
32,Glenda,Aronson,64
33,Quint,Saint,57
34,Marcela,Paradin,46
35,Lurette,Rampley,50
36,Aila,Lesser,78
37,Celisse,Urwen,52
38,Leandra,Mc Caghan,76
39,Jerome,Jurges,65
40,Cicily,Durnall,69
41,Jammie,Fargher,55
42,Stanfield,D'Agostini,12
43,Bernette,Glendining,97
44,Perry,Tousey,27
45,Yoko,Ragdale,51
46,Melva,Brownsey,8
47,Curtis,Chatelet,92
48,Murdoch,Berardt,28
49,Thelma,Loosemore,36
50,Ermengarde,Scoles,85
51,Jayne,Adacot,40
52,Ashia,Copson,60
53,Barbara,Towns,70
54,Sidney,Shankland,31
55,Brooke,Nasey,33
56,Sabina,Marcroft,84
57,Marjorie,Guisot,8
58,Byron,McDermot,42
59,Ronald,Colquit,8
60,Georges,Buttrum,5
61,Georgeanna,Gaskall,90
62,Carol-jean,Muge,52
63,Colline,Clutterbuck,54
64,Ritchie,Pell,71
65,Talyah,Lamp,56
66,Alanna,Baudacci,18
67,Andee,Harlock,2
68,Darci,Selburn,44
69,Yvor,Espinosa,24
70,Correna,Flasby,78
71,Lyon,Pratton,40
72,Sidoney,Bohl,69
73,Benton,Matessian,83
74,Scotti,Bordes,57
75,Minta,Edgehill,3
76,Delphinia,Fleote,60
77,Samuele,McWhirter,27
78,Alysia,Likly,8
79,Teddy,Cullingford,91
80,Sherlocke,Blaksland,19
81,Pris,Kaysor,66
82,Garvey,Yong,98
83,Marne,Gawkes,24
84,Hedwig,Limerick,65
85,Jane,Greedy,80
86,Davida,Spradbrow,65
87,Joly,Worviell,42
88,Linoel,Fetterplace,51
89,Egan,Yearns,33
90,Matthieu,Kose,9
91,Marian,Noye,100
92,Tansy,Waddup,61
93,Reinwald,Gillice,28
94,Ingmar,Miguel,40
95,Violet,Kipling,77
96,Miriam,Naper,11
97,Douglas,Bridgewood,74
98,Lise,Nattriss,95
99,Keir,Atterley,66
100,Ev,Barrell,31
