first_name,last_name,player_number,team_name,player_position,home_runs
Lynnet,Reck,79,University of Guam,empowering,179
Valenka,Luscott,56,Moi University,Synergized,385
Pen,MacNulty,81,Sinai University,next generation,333
Brooke,Bentote,73,Shuchiin College,toolset,623
Sydney,Rentenbeck,90,"Instituto Nacional de Educación Física ""General Manuel Belgrano""",Re-contextualized,468
Dimitry,Chiechio,17,Waseda University,Mandatory,104
Elliot,Milton-White,83,Rhode Island School of Design,projection,866
Livvyy,Castelluzzi,11,University of Cagliari,Pre-emptive,957
Jordain,Bibby,50,Denison University,zero tolerance,891
Ally,Farnon,63,Friends University,groupware,183
Mada,Digle,34,Jaipur National University,interactive,817
Samuele,Aronoff,97,Ecole Nationale Supérieure Agronomique de Toulouse,productivity,487
Orrin,Alexis,23,Military Institute of Science and Technology,attitude-oriented,143
Gaby,Benbrick,32,Fachhochschule Kiel,Enterprise-wide,91
Byrle,Novak,37,Fine Arts Academy Wladyslaw Strzeminski in Lodz,Organic,518
Gisele,Voak,3,Biysk State Padagogical University after V.M. Shukshin ,intermediate,42
Kin,Ferriday,53,Universidad Nacional del Littoral,adapter,87
Erica,Tomicki,56,Moore College of Art and Design,internet solution,895
Tan,Palluschek,71,Canterbury Christ Church University,high-level,706
Raphael,Joderli,9,Mawlana Bhashani Science And Technology University,time-frame,63
Bevan,Huie,94,University of Alexandra Dubček in Trenčín,hardware,715
Leroi,Rembaud,88,"Institute of Teachers Education, Penang",Profound,350
Luciana,Pembridge,63,Westminster College of Salt Lake City,internet solution,858
Kathleen,Folk,22,Universidad Adventista de Bolivia,grid-enabled,289
Erda,Ricciardi,10,College of Europe,4th generation,575
Maegan,Wathen,39,Barnard College - Columbia University,Compatible,696
Dar,Bennell,1,University of Kelaniya,24/7,538
Tarrance,Manuello,10,"Deutsch-Ordens Fachhochschule Riedlingen, Hochschule für Wirtschaft",zero defect,384
Keeley,Mapston,55,Japanese Red Cross College of Nursing,analyzer,520
Lindsey,Brabyn,95,National Chung Cheng University,alliance,307
Barnard,Paulou,69,Diaconia University of Applied Sciences,dedicated,244
Allan,O'Reilly,22,Seoul City University,alliance,82
Corabella,Beardsworth,42,St. Thomas Aquinas College,background,925
Jaclyn,Ryburn,7,University College of the Cariboo,Progressive,43
Lurette,de Clerc,44,Instituto Tecnológico de León,protocol,762
Stacy,Bestar,93,Gulf Medical University,Exclusive,796
Jere,Hebron,35,Lanzhou University,User-centric,465
Luz,Flanigan,25,Universidad Metropolitana Castro Carazo,zero administration,161
Bili,Pescud,54,Universite des Sciences Islamiques de Constantine,structure,195
Basilius,Ocklin,38,Johnson & Wales University,circuit,178
Leo,Trillo,43,Volgograd State Pedagogical University,hybrid,662
Livvy,Bonett,34,University of Cape Coast,migration,191
Roanna,Crumley,78,Point Park College,monitoring,46
Sada,Moloney,30,Kent State University,system-worthy,603
Merrel,Harriday,70,Universidad Autónoma de Baja California Sur,conglomeration,561
Fanchon,Stife,72,Rochester College,value-added,701
Koral,Pollack,79,Universidad Metropolitana Castro Carazo,capability,807
Laurice,Dagg,79,Liberty University,homogeneous,864
Elvira,Baskeyfied,79,University of Johannesburg,Operative,169
Leontyne,Misken,100,Kursk State Medical University,access,273
Syd,Gritton,8,Tennessee Temple University,3rd generation,313
Sada,Scotchmoor,44,"Yorker International University, Milano",hardware,123
Sterling,Comsty,1,United States Military Academy,web-enabled,338
Jose,Hubeaux,79,Ateneo de Naga University,dedicated,621
Drusi,Portt,6,"Islamic Azad University, Shahryar",incremental,180
Sinclair,Combes,85,Feati University,Multi-channelled,13
Todd,Guiness,28,Bangkok University,Grass-roots,886
Obadias,Carbery,53,National University of Kaohsiung,24 hour,728
Rees,Follen,49,University of Central Texas,attitude-oriented,87
Claretta,Wither,67,Hochschule für Gestaltung und Kunst Zürich,functionalities,869
Bartie,Openshaw,19,Kanazawa Medical University,mission-critical,979
Lyle,Setterington,19,International Business University of Beijing,disintermediate,6
Adriena,Latta,30,Kaunas Medical Academy,Right-sized,956
Rodney,Popworth,7,Miyazaki Prefectural Nursing University,web-enabled,225
Dex,Doy,36,College of Computer Science in Lodz,non-volatile,579
Gretel,Lynskey,17,Hagerstown Community College,Reactive,598
Tabatha,Cottesford,7,Ufuk University,moderator,822
Georgianne,Varfolomeev,9,Toyama University,Horizontal,996
Berne,Lawes,79,Moldova State University,attitude-oriented,849
Florrie,Evitts,52,Sonoda Women's University,Face to face,496
Karlik,McLleese,82,Americanos College,Profound,762
Kelly,Cluse,87,University of Piraeus,support,781
Gawain,Laville,33,Fachhochschule Hof,coherent,288
Ede,O'Noland,38,"Fachhochschule Rosenheim, Hochschule für Technik und Wirtschaft",bandwidth-monitored,924
Micah,Larcombe,99,Lampang College of Commerce and Technology,User-centric,478
Royce,Gumm,95,Instituto Superior de Paços de Brandão,local area network,179
Felizio,Myrtle,83,Lappeenranta University of Technology,focus group,447
Vivie,Twells,17,University of Peradeniya,pricing structure,204
Claudelle,Lewsie,82,"National Academy of Music ""Pantcho Vladigerov""",Down-sized,762
Tabb,Tremontana,14,University of Salerno,upward-trending,90
Leesa,Benitez,30,Keck Graduate Institute of Applied Life Sciences,contextually-based,211
Sol,Ferrolli,42,Universidad Abierta Interactiva,full-range,540
Farand,Barents,24,Misan University,methodical,55
Reamonn,Christie,59,Westminster College of Salt Lake City,flexibility,672
Cyndi,Conibear,20,Universität Hohenheim,archive,485
Andra,Rapo,45,"National American University, Albuquerque",hybrid,989
Jinny,Andrieux,2,Universidade Santa Úrsula,hierarchy,817
Faythe,Worg,24,Medical University Plovdiv,Re-engineered,345
Gabbey,Minards,65,Universidad Autónoma Metropolitana - Xochimilco,success,791
Joell,Parham,74,Kyushu University,Multi-layered,10
Wenonah,Lacy,61,Taganrog State Pedagogical Institute,Grass-roots,209
Trev,Pakenham,25,Université des Sciences et de la Technologie Houari Boumediène,conglomeration,945
Cybill,Hudspeth,77,West Coast University,4th generation,844
Gaylene,Cahani,77,"University of Toronto, Mississauga",coherent,611
Dominic,Portman,75,Kanpur University,Business-focused,940
Hewitt,Romme,86,Hanoi University of Civil Engineering,Profound,801
Ryley,Aasaf,89,Graduate University for Advanced Studies,core,436
Corny,Francioli,72,McMurry University,motivating,211
Billie,Chipp,10,Roberts Wesleyan College,zero tolerance,779
Cleveland,Mathie,63,Atlantic Union College,Devolved,651
